{
    "db": {
        "products": [{
                "name": "ЗАПОРНАЯ АРМАТУРА",
                "description": "Трубопроводная запорная армтура для систем отопления и водоснабжения из бронзы, латуни, стали или кованного чугуна.",
                "image": "src/img/product/sewerage.png"
            },
            {
                "name": "РАСХОДНЫЕ МАТЕРИАЛЫ",
                "description": "Любые расходные материалы для монтажа сантехники. Анкера, болты, прокладки, фум лента, сантехническая паста и другое.",
                "image": "src/img/product/sewerage.png"
            },
            {
                "name": "ИЗОЛЯЦИЯ ТРУБНАЯ",
                "description": "Тепроизоляция для труб и теплого пола. Трубная и рулонная теплоизоляция.",
                "image": "src/img/product/sewerage.png"
            },
            {
                "name": "РАДИАТОРЫ И КОМПЛЕКТУЮЩИЕ",
                "description": "Биметалические и алюминевые радиаторы. Широкий выбор типоразмеров и комплектующих.",
                "image": "src/img/product/sewerage.png"
            },
            {
                "name": "ФИТИНГИ",
                "description": "Фитинги для черных и цветных металлов, внутенней и внешней канализации.",
                "image": "src/img/product/sewerage.png"
            },
            {
                "name": "КРЕПЕЖ САНТЕХНИЧЕСКИЙ",
                "description": "Крепежные детали, предназначенные для монтажа сантехнических изделий: анкера, болты, гайки, хомуты, шпильки.",
                "image": "src/img/product/sewerage.png"
            },
            {
                "name": "ВНУТРЕННЯЯ КАНАЛИЗАЦИЯ.",
                "description": "Трубы и фитинги для внутренней канализации.",
                "image": "src/img/product/sewerageV.jpg"
            },
            {
                "name": "ПОЛИПРОПИЛЕНОВЫЕ ТРУБЫ ФИТИНГИ",
                "description": "Широкий выбор полипропиленовых труб и фитингов для холодного и горячего водоснабжения.",
                "image": "src/img/product/sewerage.png"
            },
            {
                "name": "НАСОСЫ",
                "description": "Большой выбор погружных, центробежных, скваженных насосов.",
                "image": "src/img/product/sewerage.png"
            }

        ],
        "sewerage-v": [{
                "name": "Труба d110х3м",
                "description": "Труба ПВХ Ostendorf ",
                "image": "/src/img/sewerage-v/110.svg",
                "price": 5

            },
            {
                "name": "Труба d110х2м",
                "description": "Труба ПВХ Ostendorf ",
                "image": "/../src/img/sewerage-v/110.svg",
                "price": 5
            },
            {
                "name": "Труба d110х1м",
                "description": "Труба ПВХ Ostendorf ",
                "image": "/src/img/sewerage-v/110.svg",
                "price": 5
            },
            {
                "name": "Труба d110х0.5м",
                "description": "Труба ПВХ Ostendorf ",
                "image": "/src/img/sewerage-v/110.svg",
                "price": 5
            },
            {
                "name": "Труба d110х0.25м",
                "description": "Труба ПВХ Ostendorf ",
                "image": "/src/img/sewerage-v/110.svg",
                "price": 5
            },
            {
                "name": "Колено d110х45",
                "description": "Колено ПВХ Ostendorf ",
                "image": "/src/img/product/sewerage.png",
                "price": 5
            },
            {
                "name": "Колено d110х90",
                "description": "Колено ПВХ Ostendorf ",
                "image": "/src/img/product/sewerage.png",
                "price": 5
            },
            {
                "name": "Тройник d110х110х45",
                "description": "Тройник ПВХ Ostendorf ",
                "image": "/src/img/product/sewerage.png",
                "price": 5
            },
            {
                "name": "Тройник d110х110х90",
                "description": "Тройник ПВХ Ostendorf ",
                "image": "/src/img/product/sewerage.png",
                "price": 5
            }
        ]
    }
}