[{
        "name": "1/2",
        "description": "КТР",
        "image": "/src/img/krepez/homut.jpg",
        "price": "1,60"
    },
    {
        "name": "3/4",
        "description": "КТР",
        "image": "/src/img/krepez/homut.jpg",
        "price": "1,70"
    },
    {
        "name": "1",
        "description": "КТР",
        "image": "/src/img/krepez/homut.jpg",
        "price": "1,90"
    },
    {
        "name": "1' 1/4",
        "description": "КТР",
        "image": "/src/img/krepez/homut.jpg",
        "price": "2,20"
    },
    {
        "name": "1' 1/2",
        "description": "КТР",
        "image": "/src/img/krepez/homut.jpg",
        "price": "2,50"
    },
    {
        "name": "2",
        "description": "КТР",
        "image": "/src/img/krepez/homut.jpg",
        "price": "2,70"
    },
    {
        "name": "2' 1/2",
        "description": "КТР",
        "image": "/src/img/krepez/homut.jpg",
        "price": "3,00"
    },
    {
        "name": "3",
        "description": "КТР",
        "image": "/src/img/krepez/homut.jpg",
        "price": "3,70"
    },
    {
        "name": "4",
        "description": "КТР",
        "image": "/src/img/krepez/homut.jpg",
        "price": "4,00"
    },
    {
        "name": "М8х 10 х 80мм",
        "description": "Анкер с г-образным крюком",
        "image": "/src/img/krepez/ankerL.jpg",
        "price": "5,00"
    },
    {
        "name": "М10 х 12 х 130мм",
        "description": "Анкер с г-образным крюком",
        "image": "/src/img/krepez/ankerL.jpg",
        "price": "5,00"
    },
    {
        "name": "М6 х 80",
        "description": "Набор для крепления унитаза",
        "image": "/src/img/krepez/nabor-dlja-kreplenija-unitaza.jpg",
        "price": "5,00"
    }
]