[{
        "name": "ЗАПОРНАЯ АРМАТУРА",
        "description": "Трубопроводная запорная армтура для систем отопления и водоснабжения из бронзы, латуни, стали или кованного чугуна.",
        "image": "./src/img/product/cranes-min.png",
        "alt": "Запорная арматура",
        "products": "tap.json"
    },
    {
        "name": "ГИБКАЯ ПОДВОДКА",
        "description": "Гибкая подводка",
        "image": "./src/img/product/flexy.jpg",
        "alt": "Запорная арматура",
        "products": "flex.json"
    },
    {
        "name": "РАСХОДНЫЕ МАТЕРИАЛЫ",
        "description": "Любые расходные материалы для монтажа сантехники. Анкера, болты, прокладки, фум лента, сантехническая паста и другое.",
        "image": "./src/img/product/other.png",
        "alt": "Расходные материалы",
        "products": ""
    },
    {
        "name": "ИЗОЛЯЦИЯ ТРУБНАЯ",
        "description": "Тепроизоляция для труб и теплого пола. Трубная и рулонная теплоизоляция.",
        "image": "./src/img/product/isol.png",
        "alt": "Изоляция трубная",
        "products": ""
    },
    {
        "name": "РАДИАТОРЫ И КОМПЛЕКТУЮЩИЕ",
        "description": "Биметалические и алюминевые радиаторы. Широкий выбор типоразмеров и комплектующих.",
        "image": "./src/img/product/radiators.png",
        "alt": "Радиаторы",
        "products": ""
    },
    {
        "name": "ФИТИНГИ",
        "description": "Фитинги для черных и цветных металлов, внутенней и внешней канализации.",
        "image": "./src/img/product/fitting-min.png",
        "alt": "Фитинги латунные",
        "products": "fittings-lat.json"
    },
    {
        "name": "КРЕПЕЖ САНТЕХНИЧЕСКИЙ",
        "description": "Крепежные детали, предназначенные для монтажа сантехнических изделий: анкера, болты, гайки, хомуты, шпильки.",
        "image": "./src/img/product/krep.png",
        "alt": "Крупеж сантехнический",
        "products": "fasteners.json"
    },
    {
        "name": "ВНУТРЕННЯЯ КАНАЛИЗАЦИЯ.",
        "description": "Трубы и фитинги для внутренней канализации.",
        "image": "./src/img/product/swerageV.jpg",
        "alt": "Внутренняя канализация",
        "products": "sewerage-v.json"
    },
    {
        "name": "НАРУЖНЯЯ КАНАЛИЗАЦИЯ.",
        "description": "Трубы и фитинги для наружней канализации.",
        "image": "./src/img/product/swerageN.jpg",
        "alt": "Наружняя канализация",
        "products": "sewerage-n.json"
    },
    {
        "name": "ПОЛИПРОПИЛЕНОВЫЕ ТРУБЫ ФИТИНГИ",
        "description": "Широкий выбор полипропиленовых труб и фитингов для холодного и горячего водоснабжения.",
        "image": "./src/img/product/pipes-min.png",
        "alt": "Полипропилен",
        "products": "polipropilen.json"
    },
    {
        "name": "НАСОСЫ",
        "description": "Большой выбор погружных, центробежных, скваженных насосов.",
        "image": "./src/img/product/pump.png",
        "alt": "Насос",
        "products": ""
    },
    {
        "name": "Смесиели",
        "description": "Смеситили для кухни, умывальника и ванных комнат.",
        "image": "./src/img/product/mixes.jpg",
        "alt": "Насос",
        "products": "mixes.json"
    }


]