[{
        "name": "&Oslash;32x250 мм",
        "description": "Труба канализационая ПВХ Ostendorf",
        "image": "/src/img/sewerage-v/pipe32.jpg",
        "price": "2,00"

    },
    {
        "name": "Труба &Oslash;32х500мм",
        "description": "Труба канализационая ПВХ Ostendorf",
        "image": "/../src/img/sewerage-v/pipe32.jpg",
        "price": "2,50"
    },
    {
        "name": "Труба &Oslash;32х1000мм",
        "description": "Труба канализационая ПВХ Ostendorf",
        "image": "/src/img/sewerage-v/pipe32.jpg",
        "price": "4,00"
    },
    {
        "name": "&Oslash;32х2000мм",
        "description": "Труба канализационая ПВХ Ostendorf",
        "image": "/src/img/sewerage-v/pipe32.jpg",
        "price": "7,00"
    },
    {
        "name": "&Oslash;40х250мм",
        "description": "Труба канализационая ПВХ Ostendorf",
        "image": "/src/img/sewerage-v/pipe32.jpg",
        "price": "2,00"
    },
    {
        "name": "&Oslash;40х500 мм",
        "description": "Труба канализационая ПВХ Ostendorf",
        "image": "/src/img/sewerage-v/pipe32.jpg",
        "price": "2,50"

    },
    {
        "name": "Труба &Oslash;40х1000мм",
        "description": "Труба канализационая ПВХ Ostendorf",
        "image": "/../src/img/sewerage-v/pipe32.jpg",
        "price": "4,00"
    },
    {
        "name": "Труба &Oslash;40х2000мм",
        "description": "Труба канализационая ПВХ Ostendorf",
        "image": "/src/img/sewerage-v/pipe32.jpg",
        "price": "7,00"
    },
    {
        "name": "&Oslash;50х250мм",
        "description": "Труба канализационая ПВХ Ostendorf",
        "image": "/src/img/sewerage-v/pipe32.jpg",
        "price": "2,20"
    },
    {
        "name": "&Oslash;50х500мм",
        "description": "Труба канализационая ПВХ Ostendorf",
        "image": "/src/img/sewerage-v/pipe32.jpg",
        "price": "2,70"
    },
    {
        "name": "&Oslash;50х750мм",
        "description": "Труба канализационая ПВХ Ostendorf",
        "image": "/src/img/sewerage-v/pipe32.jpg",
        "price": "4,00"
    },
    {
        "name": "&Oslash;50х1000мм",
        "description": "Труба канализационая ПВХ Ostendorf",
        "image": "/src/img/sewerage-v/pipe32.jpg",
        "price": "4,40"
    },
    {
        "name": "&Oslash;50х1500мм",
        "description": "Труба канализационая ПВХ Ostendorf",
        "image": "/src/img/sewerage-v/pipe32.jpg",
        "price": "6,50"
    },
    {
        "name": "&Oslash;50х2000мм",
        "description": "Труба канализационая ПВХ Ostendorf",
        "image": "/src/img/sewerage-v/pipe32.jpg",
        "price": "7,40"
    },
    {
        "name": "&Oslash;50х3000мм",
        "description": "Труба канализационая ПВХ Ostendorf",
        "image": "/src/img/sewerage-v/pipe32.jpg",
        "price": "5,00"
    },
    {
        "name": "&Oslash;110х250мм",
        "description": "Труба канализационая ПВХ Ostendorf",
        "image": "/src/img/sewerage-v/pipe1100.jpg",
        "price": "4,50"
    },
    {
        "name": "&Oslash;110х500мм",
        "description": "Труба канализационая ПВХ Ostendorf",
        "image": "/src/img/sewerage-v/pipe1100.jpg",
        "price": "6,50"
    },
    {
        "name": "&Oslash;110х1000мм",
        "description": "Труба канализационая ПВХ Ostendorf",
        "image": "/src/img/sewerage-v/pipe1100.jpg",
        "price": "8,80"
    },
    {
        "name": "&Oslash;110х1500мм",
        "description": "Труба канализационая ПВХ Ostendorf",
        "image": "/src/img/sewerage-v/pipe1100.jpg",
        "price": "14,00"
    },
    {
        "name": "&Oslash;110х2000мм",
        "description": "Труба канализационая ПВХ Ostendorf",
        "image": "/src/img/sewerage-v/pipe1100.jpg",
        "price": "15,50"
    },
    {
        "name": "&Oslash;110х3000мм",
        "description": "Труба канализационая ПВХ Ostendorf",
        "image": "/src/img/sewerage-v/pipe1100.jpg",
        "price": "5,00"
    },
    {
        "name": "&Oslash;32",
        "description": "Заглушка ПВХ Ostendorf ",
        "image": "/src/img/sewerage-v/plug32-50.jpg",
        "price": "0,60"
    },
    {
        "name": "&Oslash;40",
        "description": "Заглушка ПВХ Ostendorf ",
        "image": "/src/img/sewerage-v/plug32-50.jpg",
        "price": "0,60"
    },
    {
        "name": "&Oslash;50",
        "description": "Заглушка ПВХ Ostendorf ",
        "image": "/src/img/sewerage-v/plug32-50.jpg",
        "price": "0,60"
    },
    {
        "name": "&Oslash;110",
        "description": "Заглушка ПВХ Ostendorf ",
        "image": "/src/img/sewerage-v/plug110.jpg",
        "price": "1,40"
    },
    {
        "name": "&Oslash;32",
        "description": "Муфта надвижная Ostendorf ",
        "image": "/src/img/sewerage-v/clutch32.jpg",
        "price": "1,80"
    },
    {
        "name": "&Oslash;40",
        "description": "Муфта надвижная Ostendorf ",
        "image": "/src/img/sewerage-v/mufta.jpg",
        "price": "1,80"
    },
    {
        "name": "&Oslash;50",
        "description": "Муфта надвижная Ostendorf ",
        "image": "/src/img/sewerage-v/mufta.jpg",
        "price": "2,70"
    },
    {
        "name": "&Oslash;110",
        "description": "Муфта надвижная Ostendorf ",
        "image": "/src/img/sewerage-v/mufta110.jpg",
        "price": "3,50"
    },
    {
        "name": "&Oslash;110",
        "description": "Муфта вставная Ostendorf ",
        "image": "/src/img/sewerage-v/plug-in-coupling.jpg",
        "price": "40,00"
    },
    {
        "name": "&Oslash;40x32",
        "description": "Переход Ostendorf ",
        "image": "/src/img/sewerage-v/per40x32.jpg",
        "price": "2,20"
    },
    {
        "name": "&Oslash;50x32",
        "description": "Переход Ostendorf ",
        "image": "/src/img/sewerage-v/per50x32.jpg",
        "price": "2,90"
    },
    {
        "name": "&Oslash;50x40",
        "description": "Переход Ostendorf ",
        "image": "/src/img/sewerage-v/per50x40.jpg",
        "price": "1,90"
    },
    {
        "name": "&Oslash;110x50",
        "description": "Переход Ostendorf ",
        "image": "/src/img/sewerage-v/per110x50.jpg",
        "price": "2,40"
    },
    {
        "name": "&Oslash;110x50",
        "description": "Переход  короткий Ostendorf ",
        "image": "/src/img/sewerage-v/per110x50k.jpg",
        "price": "2,40"
    },
    {
        "name": "&Oslash;32х45&deg;",
        "description": "Колено ПВХ Ostendorf ",
        "image": "/src/img/sewerage-v/diversion32x45.jpg",
        "price": "1,70"
    },
    {
        "name": "&Oslash;32х87&deg;",
        "description": "Колено ПВХ Ostendorf ",
        "image": "/src/img/sewerage-v/diversion32x87.jpg",
        "price": "1,70"
    },
    {
        "name": "&Oslash;40х45&deg;",
        "description": "Колено ПВХ Ostendorf ",
        "image": "/src/img/sewerage-v/diversion50x45.jpg",
        "price": "1,60"
    },
    {
        "name": "&Oslash;40х87&deg;",
        "description": "Колено ПВХ Ostendorf ",
        "image": "/src/img/sewerage-v/diversion50x87.jpg",
        "price": "1,60"
    },
    {
        "name": "&Oslash;50х15&deg;",
        "description": "Колено ПВХ Ostendorf ",
        "image": "/src/img/sewerage-v/diversion50x15.jpeg",
        "price": "1,10"
    },
    {
        "name": "&Oslash;50х30&deg;",
        "description": "Колено ПВХ Ostendorf ",
        "image": "/src/img/sewerage-v/diversion50x30.jpg",
        "price": "1,10"
    },
    {
        "name": "&Oslash;50х45&deg;",
        "description": "Колено ПВХ Ostendorf ",
        "image": "/src/img/sewerage-v/diversion50x45.jpg",
        "price": "1,10"
    },
    {
        "name": "&Oslash;50х67&deg;",
        "description": "Колено ПВХ Ostendorf ",
        "image": "/src/img/sewerage-v/diversion50x67.jpg",
        "price": "2,20"
    },
    {
        "name": "&Oslash;50х87&deg;",
        "description": "Колено ПВХ Ostendorf ",
        "image": "/src/img/sewerage-v/diversion50x87.jpg",
        "price": "1,10"
    },
    {
        "name": "&Oslash;110х15&deg;",
        "description": "Колено ПВХ Ostendorf ",
        "image": "/src/img/sewerage-v/diversion110x15.jpg",
        "price": "3,50"
    },
    {
        "name": "&Oslash;110х30&deg;",
        "description": "Колено ПВХ Ostendorf ",
        "image": "/src/img/sewerage-v/diversion110x30.jpg",
        "price": "3,50"
    },
    {
        "name": "&Oslash;110х45&deg;",
        "description": "Колено ПВХ Ostendorf ",
        "image": "/src/img/sewerage-v/diversion110x45.jpg",
        "price": "4,60"
    },
    {
        "name": "&Oslash;110х87&deg;",
        "description": "Колено ПВХ Ostendorf ",
        "image": "/src/img/sewerage-v/diversion110x87.jpg",
        "price": "3,50"
    },
    {
        "name": "&Oslash;32х32х45&deg;",
        "description": "Тройник ПВХ Ostendorf ",
        "image": "/src/img/sewerage-v/wye32-50x45.jpg",
        "price": "2,50"
    },
    {
        "name": "&Oslash;32х32х87&deg;",
        "description": "Тройник ПВХ Ostendorf ",
        "image": "/src/img/sewerage-v/wye32-50x87.jpg",
        "price": "2,50"
    },
    {
        "name": "&Oslash;40х40х45&deg;",
        "description": "Тройник ПВХ Ostendorf ",
        "image": "/src/img/sewerage-v/wye32-50x45.jpg",
        "price": "2,50"
    },
    {
        "name": "&Oslash;40х40х87&deg;",
        "description": "Тройник ПВХ Ostendorf ",
        "image": "/src/img/sewerage-v/wye32-50x87.jpg",
        "price": "2,50"
    },
    {
        "name": "&Oslash;50х50х45&deg;",
        "description": "Тройник ПВХ Ostendorf ",
        "image": "/src/img/sewerage-v/wye32-50x45.jpg",
        "price": "2,20"
    },
    {
        "name": "&Oslash;50х50х87&deg;",
        "description": "Тройник ПВХ Ostendorf ",
        "image": "/src/img/sewerage-v/wye32-50x87.jpg",
        "price": "2,20"
    },
    {
        "name": "&Oslash;110х110х45&deg;",
        "description": "Тройник ПВХ Ostendorf ",
        "image": "/src/img/sewerage-v/wye110x45.jpg",
        "price": "5,80"
    },
    {
        "name": "&Oslash;110х110х87&deg;",
        "description": "Тройник ПВХ Ostendorf ",
        "image": "/src/img/sewerage-v/wye110x87.jpg",
        "price": "5,80"
    },
    {
        "name": "&Oslash;110х50х45&deg;",
        "description": "Тройник ПВХ Ostendorf ",
        "image": "/src/img/sewerage-v/wye110-50x45.jpg",
        "price": "4,20"
    },
    {
        "name": "&Oslash;110х50х87&deg;",
        "description": "Тройник ПВХ Ostendorf ",
        "image": "/src/img/sewerage-v/wye110-50x87.jpg",
        "price": "4,20"
    },
    {
        "name": "&Oslash;500",
        "description": "Компенсационный патрубок ПВХ Ostendorf",
        "image": "/src/img/sewerage-v/compensation50.jpg",
        "price": "3,90"
    },
    {
        "name": "&Oslash;110",
        "description": "Компенсационный патрубок ПВХ Ostendorf",
        "image": "/src/img/sewerage-v/compencacion.jpg",
        "price": "6,80"
    },
    {
        "name": "&Oslash;50",
        "description": "Обратный клапан ПВХ Ostendorf",
        "image": "/src/img/sewerage-v/obr50.jpg",
        "price": "53,00"
    },
    {
        "name": "&Oslash;50",
        "description": "Ревизия ПВХ Ostendorf",
        "image": "/src/img/sewerage-v/revision50.jpg",
        "price": "4,50"
    },
    {
        "name": "&Oslash;110",
        "description": "Ревизия ПВХ Ostendorf ",
        "image": "/src/img/sewerage-v/revision110.jpg",
        "price": "8,70"
    },
    {
        "name": "&Oslash;110x110x110x45&deg;",
        "description": "Крестовина ПВХ Ostendorf ",
        "image": "/src/img/sewerage-v/cross-110-110-110x45.jpg",
        "price": "12,50"
    },
    {
        "name": "&Oslash;110x110x110x87&deg;",
        "description": "Крестовина ПВХ Ostendorf ",
        "image": "/src/img/sewerage-v/cross-110-110-110x87.jpg",
        "price": "12,50"
    },
    {
        "name": "&Oslash;110x50x50x45&deg;",
        "description": "Крестовина ПВХ Ostendorf ",
        "image": "/src/img/sewerage-v/cross110-50-50x45.jpg",
        "price": "12,50"
    },
    {
        "name": "&Oslash;110x50x50x87&deg;",
        "description": "Крестовина ПВХ Ostendorf ",
        "image": "/src/img/sewerage-v/cross110-50-50x87.jpg",
        "price": "12,50"
    },
    {
        "name": "&Oslash;110x110x50x87&deg; выход слева",
        "description": "Крестовина ПВХ",
        "image": "/src/img/sewerage-v/cross110-110-50x87left.jpg",
        "price": "12,50"
    },
    {
        "name": "&Oslash;110x110x50x87&deg; выход справа",
        "description": "Крестовина ПВХ",
        "image": "/src/img/sewerage-v/cross110-110-50x87right.jpg",
        "price": "12,50"
    }
]